ANZAT,Anzat
CZ198,CZ-198
TEXT_NOTE,Put text changes for submods here
TEXT_OBJECT_STAR_SYSTEM_ANZAT,Anzat
TEXT_OBJECT_STAR_SYSTEM_CZ198,CZ-198
TEXT_OBJECT_STAR_SYSTEM_DARKKNELL,Darkknell
TEXT_OBJECT_STAR_SYSTEM_DORIN,Dorin
TEXT_OBJECT_STAR_SYSTEM_DOSUUN,Dosuun
TEXT_OBJECT_STAR_SYSTEM_ECLIPSE,Eclipse
TEXT_OBJECT_STAR_SYSTEM_GIJU,Giju
TEXT_OBJECT_STAR_SYSTEM_GUITEICA,Guiteica
TEXT_OBJECT_STAR_SYSTEM_IOKATH,Iokath
TEXT_OBJECT_STAR_SYSTEM_KIFFU,Kiffu
TEXT_OBJECT_STAR_SYSTEM_LLONNEBULAE,Llon Nebulae
TEXT_OBJECT_STAR_SYSTEM_MAELSTROMNEBULA,Maelstrom Nebula
TEXT_OBJECT_STAR_SYSTEM_MORTIS,Mortis
TEXT_OBJECT_STAR_SYSTEM_NATHEMA,Nathema
TEXT_OBJECT_STAR_SYSTEM_NECROPOLIS,Necropolis
TEXT_OBJECT_STAR_SYSTEM_ODESSON,Odesson
TEXT_OBJECT_STAR_SYSTEM_ORICON,Oricon
TEXT_OBJECT_STAR_SYSTEM_PLAGEN,Plagen
TEXT_OBJECT_STAR_SYSTEM_QUESH,Quesh
TEXT_OBJECT_STAR_SYSTEM_REDNEBULA,Red Nebula
TEXT_OBJECT_STAR_SYSTEM_REDTWINS,Red Twins
TEXT_OBJECT_STAR_SYSTEM_RIMCEESTATION,Rimcee Station
TEXT_OBJECT_STAR_SYSTEM_SANCTUARY,Sanctuary
TEXT_OBJECT_STAR_SYSTEM_SEOUL5,Seoul 5
TEXT_OBJECT_STAR_SYSTEM_SPINTIR,Spintir
TEXT_OBJECT_STAR_SYSTEM_STARFORGESTATION,StarForge Station
TEXT_OBJECT_STAR_SYSTEM_THERING,The Ring
TEXT_OBJECT_STAR_SYSTEM_VOSS,Voss
TEXT_OBJECT_STAR_SYSTEM_ZETAZERONINE,Zeta Zero Nine
